,Q1,Q2,EN,SN,FN,F,M,Q3,sim_status,final_neck_diameter,MAPE
,0.9,0.9,0.25,0.1,0.03,0.0013,0,0.81,,,
,0.9,0.9,0.25,0.1,0.09,0.0015,1100,0.81,,,
,0.9,0.9,0.4,0.2,0.03,0.0013,0,2.56,,,
,0.9,1.1,0.4,0.2,0.03,0.0015,1100,0.81,,,
,0.9,1.1,0.25,0.2,0.09,0.0013,1100,2.56,,,
,0.9,1.1,0.4,0.1,0.09,0.0015,0,2.56,,,
,1.6,0.9,0.4,0.1,0.03,0.0015,1100,2.56,,,
,1.6,0.9,0.25,0.2,0.09,0.0015,0,2.56,,,
,1.6,0.9,0.4,0.2,0.09,0.0013,1100,0.81,,,
,1.6,1.1,0.25,0.1,0.03,0.0013,1100,2.56,,,
,1.6,1.1,0.4,0.1,0.09,0.0013,0,0.81,,,
,1.6,1.1,0.25,0.2,0.03,0.0015,0,0.81,,,
0,1.075646537,0.91145564,0.371225397,0.150117649,0.079703148,0.001316444,705.8899423,1.157,failed,3.644074798,45.31212519
1,0.932267074,0.939360602,0.324311155,0.198889197,0.04009435,0.001460518,338.2611555,0.869,failed,2.686487436,32.33792268
2,1.373771369,1.035863453,0.296746845,0.133721703,0.076308397,0.00132277,109.05302,1.887,failed,3.793466315,54.36411287
3,0.93042864,0.922841629,0.373532539,0.134893871,0.042553471,0.00132575,95.72599393,0.865,failed,2.665150404,33.42281861
4,0.981496592,0.989423011,0.267510836,0.136241125,0.066805751,0.001304507,938.6633281,0.963,failed,2.890075803,4.048907123
5,1.322705982,0.936873555,0.384082669,0.160771674,0.086736671,0.001476314,1095.447588,1.749,failed,3.29795146,6.932301933
6,1.033651464,1.075317186,0.262847937,0.176326905,0.03175732,0.0013808,989.7750855,1.068,failed,3.63279891,13.11354175
7,1.367961002,0.94226356,0.309309999,0.141801372,0.056372167,0.001444452,893.9647481,1.871,failed,3.037513971,9.050318276
8,1.542213494,0.92274735,0.305363327,0.167990421,0.068732861,0.001435011,965.2135412,2.378,failed,3.170291424,9.980959468
9,1.193146061,0.994097974,0.377894583,0.173726393,0.060152525,0.001339161,840.1436724,1.423,failed,3.009001613,8.163260373
10,1.132581895,1.094800965,0.33172125,0.114963638,0.072101932,0.001493845,542.9919511,1.282,failed,3.205126762,38.41196324
11,1.098123545,0.928005823,0.326474981,0.180480397,0.054762932,0.00147724,786.067023,1.205,failed,2.814055324,14.78060391
12,1.030397587,0.91443224,0.268014218,0.159785289,0.05996708,0.001372411,603.9324539,1.061,failed,2.810706735,32.35931438
13,1.121977329,1.01922708,0.275285248,0.14479217,0.068476217,0.001471608,518.2431191,1.258,failed,3.103101373,37.86787939
14,1.236818068,1.086750408,0.346631477,0.10610316,0.038061724,0.001380187,808.8678828,1.529,failed,3.034721196,8.482559763
15,0.948664327,1.001433953,0.347668803,0.134805476,0.043085987,0.001462869,21.04078402,0.899,failed,2.849659443,35.68704368
16,1.3934878,0.954403327,0.364014541,0.135390817,0.070893877,0.001445147,7.696829755,1.941,failed,3.233162045,41.55423997
17,1.120273854,1.070781834,0.388540629,0.168508366,0.031257658,0.001345228,329.8912811,1.255,failed,2.967257857,34.89812786
18,1.421697648,1.089465492,0.260855358,0.131518475,0.070956395,0.001457281,271.3305121,2.021,failed,3.80911535,56.22642196
19,1.178748957,1.01244305,0.346705093,0.146437845,0.064015458,0.001454982,404.0465286,1.389,failed,3.792805403,53.10178498
20,1.325758522,1.005812759,0.252795158,0.116832665,0.085161589,0.001307108,706.7906699,1.757,failed,3.297827363,41.62820731
21,1.409919541,1.029053323,0.395092808,0.135849786,0.050026516,0.001473541,800.1965771,1.987,failed,3.632073671,23.20733392
22,1.195230626,0.976859649,0.298971378,0.176207527,0.049339241,0.001452027,208.3681086,1.428,failed,3.019905686,38.30062733
23,1.175735749,0.987302651,0.363381379,0.184777633,0.059692472,0.001408906,142.2867546,1.382,failed,3.072770476,38.70107034
24,1.062555802,1.010421531,0.329689701,0.183700884,0.073168706,0.001317704,648.6320975,1.129,failed,3.044793189,34.04295118
25,1.209165223,1.009133254,0.292905287,0.184946262,0.064806774,0.001321824,699.7659067,1.462,failed,3.101598442,34.54336733
26,1.161114976,1.080146275,0.366860576,0.127275963,0.078314114,0.001479031,1004.997076,1.348,failed,3.206139505,6.389030801
27,1.308524228,1.033787388,0.336682823,0.113587552,0.075894096,0.001436939,516.9996944,1.712,failed,3.272123516,38.84904346
28,0.970021963,1.014216142,0.373520089,0.188418361,0.055147331,0.001365984,1008.549715,0.94,failed,3.633285075,12.89667831
29,1.418946319,1.043439466,0.302191332,0.154323468,0.038610383,0.00131674,34.01907162,2.013,failed,3.167924523,40.65085129
30,0.958238552,0.997896298,0.300812594,0.160714424,0.040090945,0.001337764,751.240869,0.918,failed,2.710103869,16.62478502
31,0.988356761,1.015822994,0.369352579,0.198191897,0.035869214,0.001404704,325.6957143,0.976,failed,3.79173854,52.667768
32,1.126024071,0.998860909,0.337152848,0.192428512,0.088546231,0.001322963,875.4018678,1.267,failed,3.106394053,12.26545613
33,1.350049105,1.072715523,0.300577181,0.163130691,0.08817073,0.001307285,1041.451479,1.822,failed,3.637290746,16.96022952
34,1.599630211,0.939276988,0.275708516,0.119984764,0.070238298,0.001360262,813.8059466,2.558,failed,3.273943186,35.99202675
35,1.096701156,1.061764481,0.336886954,0.147792443,0.065090142,0.001316879,1038.314148,1.202,failed,3.633123875,13.02487415
36,1.307557254,1.052173762,0.382509579,0.107537283,0.064974879,0.001408885,1065.29867,1.709,failed,3.633025318,12.02776466
37,1.510820742,0.936335792,0.284824027,0.169504304,0.054618783,0.001376648,509.4657726,2.282,failed,3.178162515,39.80058126
38,1.452537453,1.025827546,0.389659783,0.196476148,0.089750299,0.001381141,545.2582643,2.109,failed,3.29947567,41.33586546
39,1.052661386,1.014732434,0.257752222,0.149265372,0.044124495,0.001464414,1061.429169,1.108,failed,3.297494411,6.803026185
40,1.142635492,1.084662156,0.277804539,0.160830151,0.082171631,0.001442246,452.7125791,1.305,failed,3.26109159,41.83250852
41,1.405050449,0.920920977,0.306260471,0.16357182,0.042605525,0.001410913,960.5875901,1.974,failed,3.633579284,14.99782859
42,1.147742862,1.016705016,0.397516043,0.183344525,0.061872305,0.001318526,128.7377755,1.317,failed,3.089506805,38.40351495
43,1.222479013,0.971545677,0.31625274,0.194277611,0.056173601,0.001343489,98.37786654,1.494,failed,3.786318749,55.35716273
44,1.071078361,1.029935852,0.377916852,0.148019277,0.054228763,0.001478386,1095.648934,1.147,failed,3.378410399,7.503930745
45,1.097864245,0.939616894,0.371681905,0.13752782,0.06562179,0.001437067,317.6773,1.205,failed,3.791842774,52.66254146
46,1.478397026,1.005089181,0.310567131,0.162503678,0.083228323,0.001324718,509.5459801,2.185,failed,3.307420969,42.09681956
47,1.512060215,1.06804929,0.271702975,0.137875379,0.085374035,0.001353799,248.0197001,2.286,failed,3.429208636,46.93452034
48,0.999938301,0.986585218,0.389018891,0.120834502,0.040976312,0.001366107,549.8352086,0.999,failed,2.771142364,29.30312651
49,1.09605028,0.971429093,0.295185109,0.170445281,0.034427049,0.00137764,66.56269984,1.201,failed,2.831622839,35.66093025
50,1.267618402,0.932656571,0.312493562,0.178925767,0.08740433,0.001419414,479.6108445,1.606,failed,3.176808417,40.50161387
51,1.530600575,0.946869193,0.304915643,0.193142129,0.05022215,0.001410115,554.3736676,2.342,failed,3.126215339,37.53593296
52,1.321719861,1.052390446,0.311971144,0.105762777,0.042985352,0.001416883,281.3352177,1.746,failed,3.792329296,52.67724638
53,1.384256983,0.915058626,0.378363645,0.135139565,0.050009023,0.001461016,536.2453948,1.916,failed,3.014961779,33.81840528
54,1.097816439,0.904950002,0.323915325,0.132830198,0.074633833,0.001324606,932.8043106,1.205,failed,2.924685597,4.418061172
55,1.093555235,0.915372173,0.379165306,0.191429357,0.043091536,0.001375785,586.7689504,1.195,failed,2.757749677,29.19083456
56,1.00940096,0.961122903,0.330139482,0.186029421,0.044254223,0.001368064,1041.52278,1.018,failed,3.633377641,12.38194211
57,1.364651887,0.958463583,0.273260116,0.177428887,0.068879133,0.001347289,250.9941724,1.862,failed,3.190742075,41.86630531
58,1.559965933,1.027952876,0.342054438,0.119587556,0.052610672,0.001424249,943.9322319,2.433,failed,3.210956216,7.994407168
59,1.376925045,1.025359157,0.289043302,0.119853134,0.060773791,0.001301193,126.3358772,1.895,failed,3.787887067,55.32975315
60,1.504087916,1.003937821,0.326408716,0.194088094,0.032950878,0.001430869,68.80767881,2.262,failed,3.793108106,53.35495641
61,1.538054613,0.96490141,0.386331763,0.11431333,0.057828483,0.001308212,271.9272936,2.365,failed,3.793328926,52.46885358
62,1.470738338,0.990939246,0.299437921,0.134339934,0.07838973,0.001335118,519.2125095,2.163,failed,3.788512677,55.38578135
63,1.480823505,1.068607016,0.317336357,0.107688507,0.035249169,0.001321258,664.6196504,2.192,failed,3.150241613,32.83962797
64,0.918967935,1.057044778,0.385359364,0.134294326,0.049852203,0.001384404,715.129669,0.844,failed,2.858950377,18.71677925
65,1.068663424,0.975521159,0.303491462,0.100140045,0.036761199,0.001340635,264.2218984,1.142,failed,3.792750329,52.63988164
66,1.086428767,1.042251188,0.27133521,0.12226195,0.077332337,0.001365949,310.5366203,1.18,failed,3.188152552,41.0782377
67,1.166147987,1.099631016,0.253552089,0.169484166,0.034355021,0.0014229,789.121597,1.359,failed,2.973589778,15.87517317
68,1.235476187,1.051726395,0.34532453,0.137508661,0.079366519,0.001357717,182.3344845,1.526,failed,3.274162412,41.72024995
69,1.124993367,0.953134287,0.372498461,0.198995624,0.044944992,0.001427369,632.0143537,1.265,failed,2.839458823,29.01890512
70,1.205939413,1.023322251,0.393244417,0.161335577,0.082565716,0.00141343,543.06078,1.454,failed,3.184544742,36.90454862
71,1.290788422,1.001455701,0.366088657,0.132151261,0.045605242,0.001379111,806.5301623,1.666,failed,3.002423525,9.630058949
72,1.175555344,1.089130479,0.310043656,0.162696949,0.034107044,0.001436402,514.8765023,1.381,failed,3.030357957,34.63424921
73,1.30478401,1.073901727,0.301954989,0.162366985,0.04264404,0.001412118,949.9336759,1.702,failed,3.634101659,15.29968538
74,1.164683612,0.983327395,0.381871129,0.159359601,0.081557811,0.001317498,1007.687894,1.356,failed,3.190892816,6.252080124
75,1.042587687,1.080617213,0.382098457,0.192227881,0.074377978,0.001304634,654.8541435,1.086,failed,3.097190022,32.93578261
76,1.154954818,1.052973858,0.291799865,0.156975319,0.082867996,0.001427069,807.8985571,1.333,failed,3.186831594,29.81319493
77,1.392115917,1.036636168,0.375806618,0.193867584,0.034677467,0.001385307,1087.086079,1.937,failed,3.376619577,7.394811185
78,1.416087,1.029407084,0.333265788,0.132829671,0.062015959,0.001477339,501.3792264,2.005,failed,3.254643202,38.99863878
79,1.37781055,1.070542863,0.34182039,0.166989972,0.055945098,0.001476143,765.9554424,1.898,failed,3.209869504,28.08298737
80,0.970146285,0.987487071,0.329968715,0.102280132,0.065047697,0.001361073,549.7802573,0.941,failed,2.91572392,32.43255341
81,1.031912293,0.96543763,0.368618275,0.114199982,0.048415603,0.001422797,955.9018187,1.064,failed,3.247351944,6.657948057
82,1.260500521,1.041313038,0.277923808,0.186160346,0.085400394,0.001486113,857.0638812,1.588,failed,3.235775232,27.36631721
83,1.498777207,1.050745347,0.256409589,0.19478244,0.033756795,0.001469903,1060.587866,2.246,failed,3.633983731,12.58540567
84,0.922827299,1.084827261,0.257208686,0.172282823,0.057486195,0.001491691,893.9222237,0.851,failed,2.932367802,4.829089953
85,1.034440644,1.067834989,0.261556619,0.131611103,0.050499045,0.001321514,422.5920474,1.07,failed,3.021394551,36.70949146
86,1.480698901,0.910170304,0.25930786,0.181739326,0.042774462,0.001404935,1060.407036,2.192,failed,3.633653313,12.9712185
87,1.43671783,1.097617286,0.363297921,0.136238902,0.085867397,0.001394486,345.8206693,2.064,failed,3.792477831,53.32321895
88,1.26861144,0.941284322,0.307921382,0.174513919,0.070232345,0.001311893,730.3799102,1.609,failed,3.067808092,32.80875928
89,1.536573202,0.936255878,0.343157518,0.146974014,0.044813992,0.001487,117.2248868,2.361,failed,3.130484998,39.68595729
90,1.204446325,0.904871778,0.30783675,0.140187655,0.055834356,0.001465524,35.15744214,1.45,failed,3.792856857,53.51926569
91,1.244699314,0.914057833,0.295136105,0.199980579,0.049587765,0.001338177,635.5750939,1.549,failed,2.877025127,31.76288176
92,1.238577369,1.028743261,0.309265659,0.148464598,0.047397335,0.001359745,49.80602568,1.534,failed,3.181358278,40.74645781
93,1.003712765,0.91288654,0.39424794,0.194265906,0.077303137,0.001328898,973.5605833,1.007,failed,3.200253963,6.256879576
94,1.293921119,0.976190107,0.272804514,0.156373776,0.049727314,0.001448609,1062.157334,1.674,failed,3.255269408,6.490011089
95,1.271841243,0.973054182,0.377146533,0.17269316,0.08752629,0.001388207,537.3859067,1.617,failed,3.204926789,38.54822593
96,1.519583254,0.903268526,0.282203565,0.172049616,0.038001748,0.001305141,792.9982468,2.309,failed,3.636386424,35.46265615
97,0.986846954,0.929596264,0.287560732,0.199872956,0.03478976,0.001447742,785.9604269,0.973,failed,2.579796553,4.861583369
98,0.941209312,1.053210767,0.297043317,0.165360057,0.05904582,0.001462448,383.1187206,0.885,failed,3.000015914,36.6003517
99,1.134496213,1.08635185,0.346831076,0.136396035,0.055149995,0.001333621,47.08015459,1.287,failed,3.793491006,53.07237427
100,1.351549284,0.927156554,0.314360289,0.122170093,0.065101099,0.001327577,1020.71692,1.826,failed,3.121184587,5.736289411
101,1.147010739,1.035354698,0.32836698,0.181101174,0.071165546,0.001398665,127.9566429,1.315,failed,3.794096246,53.95093527
102,1.153148303,1.05147453,0.298611598,0.117173381,0.07438282,0.001307497,977.8235721,1.329,failed,3.63385582,17.10182709
103,1.125720407,1.012130718,0.378762964,0.169538321,0.072514153,0.001409109,287.6700879,1.267,failed,3.135375559,38.84578422
104,1.019076431,0.913859495,0.380123818,0.115054312,0.031670378,0.001357002,382.2318701,1.038,failed,2.640471935,30.64732566
105,1.137706695,1.024716492,0.289777701,0.104853011,0.043181713,0.001405416,955.5669905,1.294,failed,3.633020371,15.21087643
106,1.294109891,0.930135723,0.285937363,0.100888733,0.033323948,0.001352935,508.6186236,1.674,failed,3.78655611,52.66876668
107,1.39078427,0.92964276,0.34453213,0.132379093,0.057705656,0.001375141,712.52129,1.934,failed,3.082305014,30.08719991
108,1.466208346,1.067803132,0.373086492,0.169445532,0.048998671,0.001370346,67.94296865,2.149,failed,3.793264344,53.12751406
109,1.140153354,0.926494667,0.380731326,0.196802404,0.06549815,0.00136098,592.6535252,1.299,failed,2.941485524,32.39949569
110,1.432143245,0.902495214,0.320478992,0.132527437,0.078299845,0.001320874,848.6400658,2.051,failed,3.644976228,33.62262688
111,1.131729988,1.07739142,0.336981079,0.119294168,0.046495204,0.001392867,133.1282462,1.28,failed,3.10678643,38.66850281
112,1.074614991,0.989376689,0.306018767,0.193249574,0.052599455,0.001341698,1086.340562,1.154,failed,3.3345294,7.080537269
113,1.354292588,1.082033363,0.384681063,0.153876086,0.07400529,0.001443375,710.4277856,1.834,failed,3.233843863,32.23453995
114,1.187256921,0.906021614,0.281400794,0.100915631,0.074233446,0.001384208,763.5680948,1.409,failed,2.957227468,28.09335345
115,0.959518585,0.905716785,0.29368564,0.140517525,0.058653437,0.00142758,413.4143716,0.92,failed,2.719772816,33.00824202
116,1.310461296,0.99043455,0.383097448,0.19953571,0.036947404,0.001302216,361.9023308,1.717,failed,2.993134141,37.26580413
117,1.097704231,0.968501363,0.354702404,0.183260084,0.065651527,0.001440865,233.6724946,1.204,failed,3.028627813,37.81276633
118,1.056071527,1.081653252,0.317195472,0.152583295,0.086225888,0.001407957,626.1676539,1.115,failed,3.187568605,37.40587758
119,1.030981392,1.04202266,0.255617054,0.131317384,0.072623637,0.001463398,672.3220013,1.062,failed,3.090388894,36.41841587
120,1.588183709,1.047390756,0.252652504,0.117742152,0.057427971,0.001496934,989.1916428,2.522,failed,3.27380687,15.59280993
121,0.966191798,1.052124309,0.254269529,0.168781908,0.074759249,0.001347997,49.18932141,0.933,failed,3.099398017,41.08763092
122,1.186222246,1.015180557,0.380796717,0.152856898,0.046428523,0.001414761,971.0804145,1.407,failed,3.240590274,6.565275995
123,0.993046292,0.958241196,0.360841322,0.169645652,0.060497312,0.001401041,657.6648854,0.986,failed,2.844491839,28.78449619
124,0.931105947,1.002039199,0.289968585,0.140901494,0.03224751,0.001498233,229.9147981,0.866,failed,2.706374049,33.01069744
125,1.396355397,0.966169661,0.325316016,0.148327979,0.058156578,0.001442222,54.34551264,1.949,failed,3.193431914,41.37465193
126,1.499820296,1.035308329,0.253561396,0.15866546,0.072672231,0.001358927,708.1740505,2.249,failed,3.315146029,42.29875336
127,1.441550514,0.942916296,0.329623505,0.197515375,0.05815623,0.001442493,340.5404004,2.078,failed,3.783480555,55.39604179
128,1.43285273,0.907789051,0.305256229,0.171985685,0.086041643,0.001352364,786.0373456,2.053,failed,3.186715961,36.19613367
129,1.369605273,1.067892042,0.274885979,0.107597805,0.082810461,0.001491448,369.8497367,1.875,failed,3.409657061,45.73209246
130,0.964408198,0.919283172,0.251473496,0.170199096,0.063745019,0.001474189,307.9792109,0.93,failed,2.799373507,35.56025371
131,1.340721431,1.041187831,0.37594286,0.131182539,0.086555827,0.001308558,195.0758706,1.797,failed,3.79294467,52.88422257
132,1.560922602,0.941172697,0.38222594,0.15860811,0.08091161,0.001443252,833.6150897,2.436,failed,3.234897316,20.26316066
133,0.977521022,0.926030344,0.378442831,0.116042711,0.055992095,0.001374744,931.8875093,0.955,failed,3.632594019,13.89522451
134,1.004845625,0.969337026,0.274191307,0.119908954,0.060076627,0.001349985,1070.752002,1.009,failed,3.25325495,6.590722867
135,1.320440243,1.065000352,0.321922817,0.149677499,0.030390028,0.001441382,600.3307156,1.743,failed,3.026033342,32.73488038
136,0.91021895,0.959837921,0.338358534,0.198809496,0.089760369,0.001302523,360.2346813,0.828,failed,2.947443247,36.69307793
137,1.292116625,0.972176717,0.284107276,0.113839026,0.07302726,0.001400339,886.876305,1.669,failed,3.138440132,19.74084419
138,0.922513441,0.941906305,0.325878152,0.180723793,0.033321961,0.001396666,643.5715169,0.851,failed,2.549540758,24.55558522
139,1.075485015,1.027689895,0.352116422,0.120544118,0.033900674,0.001422257,174.5823252,1.156,failed,3.793117836,52.44353704
140,1.102989166,1.007172028,0.349263662,0.152988164,0.042794404,0.001432483,931.5567215,1.216,failed,3.633159399,14.56624983
141,0.940970989,0.960393355,0.374488604,0.182963832,0.068168541,0.001318638,532.3739783,0.885,failed,3.790670395,52.67973046
142,1.15489891,1.056675198,0.285098473,0.182365393,0.067119509,0.001392768,94.89031105,1.333,failed,3.206461787,42.1562831
143,1.199512228,1.05229637,0.37333763,0.111426948,0.066003881,0.001326048,177.8123825,1.438,failed,3.792978108,52.44656903
144,1.062099893,1.014219214,0.27332097,0.137471428,0.062973359,0.001353644,168.1321639,1.128,failed,3.084419191,39.57445592
145,1.577425326,0.976457817,0.329571226,0.150761543,0.062222233,0.001439021,824.4363934,2.488,failed,3.198845267,22.80828872
146,1.418207225,0.963761138,0.384668967,0.138710017,0.062551959,0.001448059,75.66164347,2.011,failed,3.233379543,40.8340346
147,1.210635621,1.090594674,0.367942218,0.163287745,0.030792019,0.001433209,909.0438342,1.465,failed,3.159903705,6.014846924
148,1.248490909,0.992135135,0.281961285,0.128246291,0.063076364,0.0014092,742.1657374,1.558,failed,3.108071148,33.03107263
149,1.051122726,0.923235311,0.291345519,0.114592585,0.085263953,0.001490329,593.008047,1.104,failed,2.974823952,34.86994526
150,1.405395657,0.979136574,0.341824815,0.191699497,0.072715397,0.001381563,479.3000155,1.975,failed,3.217621446,39.70607566
151,1.488840088,1.046245603,0.377081438,0.158293646,0.032626244,0.001400013,730.2513069,2.216,failed,3.074766517,22.55568049
152,0.921898592,1.096312994,0.338259405,0.131289005,0.0713452,0.001382969,618.1209824,0.849,failed,3.057348549,33.60876483
153,1.337838918,1.088789968,0.259606396,0.152456961,0.077991233,0.001317019,57.78610913,1.789,failed,3.808691144,56.45333433
154,1.523762709,1.02348254,0.395819148,0.193060117,0.079029287,0.001332212,230.7359743,2.321,failed,3.357802331,43.10109532
155,1.02895114,0.918294416,0.260623966,0.114158829,0.062127848,0.00138893,626.5537698,1.058,failed,2.843641877,32.70329178
156,0.950727333,0.993553201,0.396639145,0.180377786,0.054880178,0.001383888,559.5840246,0.903,failed,2.839507461,30.64660843
157,1.523339979,1.076956332,0.270186409,0.197364371,0.072641742,0.001490182,216.0126183,2.32,failed,3.385743141,46.12517093
158,1.269819486,1.080142231,0.393917135,0.106015179,0.037443892,0.001321171,164.9128132,1.612,failed,3.792535231,52.44679995
159,1.326663863,0.922521146,0.303416521,0.167900716,0.034998202,0.001302193,137.6080829,1.76,failed,2.912743807,36.60053515
160,1.383420869,1.026894833,0.381415886,0.164539867,0.039551626,0.001370644,185.807991,1.913,failed,3.130258799,38.52244943
161,1.409019593,0.978813041,0.273432741,0.113617503,0.04094913,0.001353457,1023.7251,1.985,failed,3.632296503,14.14604617
162,1.337826034,0.913246196,0.381576621,0.181563861,0.054995265,0.001339966,765.8494523,1.789,failed,2.981466889,22.30609972
163,0.984308043,0.911325823,0.371563367,0.170026455,0.085496304,0.001409049,734.8286734,0.968,failed,2.868877292,25.79487151
164,1.416525391,0.919435965,0.286100859,0.107922718,0.033215988,0.001308431,264.3066694,2.006,failed,2.951192617,36.25954919
165,0.911573954,0.962887908,0.375152686,0.112650369,0.068447418,0.001353228,922.3270962,0.83,failed,3.63281244,14.3305119
166,0.902323111,1.052654954,0.263663545,0.145856026,0.066340364,0.001474074,159.6581463,0.814,failed,2.985808253,38.63025131
167,1.559505612,0.91048502,0.282126764,0.168404108,0.047268759,0.00149011,853.969178,2.432,failed,3.030732572,15.52038278
168,1.298005358,0.939972604,0.312819186,0.121491756,0.072374523,0.001441996,642.2038614,1.684,failed,3.129182816,36.34005758
169,1.470044794,1.079210653,0.357750428,0.132111876,0.042820536,0.001367474,14.73286275,2.161,failed,3.278649151,41.69854907
170,0.961531849,0.914465277,0.381668585,0.107259886,0.033829569,0.001400016,1079.65481,0.924,failed,3.405586362,7.749566141
171,1.179815461,0.910541752,0.277178402,0.170817928,0.044760825,0.001344769,862.3777106,1.391,failed,2.755210757,3.483842391
172,1.295261901,0.952099386,0.255651269,0.104881893,0.061260718,0.001411015,990.2866614,1.677,failed,3.633393377,19.82866886
173,1.580687652,1.093837766,0.352827225,0.185115648,0.049468325,0.001451237,492.9167424,2.498,failed,3.768535942,55.3846139
174,1.169084196,0.974266899,0.393188696,0.100838536,0.062198421,0.001414453,450.3150634,1.366,failed,3.077493131,35.36188695
175,1.326575914,0.983910983,0.38863123,0.195346328,0.041535894,0.001390482,711.9321904,1.759,failed,2.964404583,25.7738194
176,0.964305241,1.031631335,0.371483285,0.107893467,0.060355658,0.00139237,1054.049308,0.929,failed,3.35096854,7.411713114
177,1.38768844,0.956622168,0.380086733,0.172522639,0.073668339,0.001460332,498.1626238,1.925,failed,3.23171711,39.22714049
178,1.410176706,1.082587125,0.301172829,0.198958542,0.052027689,0.00144161,756.482655,1.988,failed,3.665908724,45.5064335
179,1.495621936,0.941789085,0.377798138,0.183073793,0.06612363,0.001452471,607.8029978,2.236,failed,3.167083442,36.4316539
180,1.418573004,1.070234998,0.357686039,0.187846758,0.058868013,0.001432483,836.1721967,2.012,failed,3.192883313,15.99096079
181,1.391150717,1.071500598,0.266644345,0.10444343,0.051825813,0.001342384,251.0748894,1.935,failed,3.275146246,41.92433577
182,1.00185279,0.931704502,0.310200149,0.186548167,0.06315712,0.001372751,785.2041607,1.003,failed,2.779113531,16.6453019
183,1.244723485,0.918498127,0.344900929,0.168782261,0.06989085,0.001379338,541.1185638,1.549,failed,3.071118832,36.60467648
184,1.139632326,0.98560976,0.289292761,0.1005145,0.062691813,0.001313492,916.0265695,1.298,failed,3.633951694,19.99797206
185,1.564684509,0.903537714,0.384840212,0.177811904,0.079928847,0.001483322,392.3249212,2.448,failed,3.225438058,40.43614895
186,1.041502381,1.047323535,0.337946941,0.157979755,0.060516887,0.001347157,423.6332968,1.084,failed,3.05659622,36.65400915
187,1.442593346,1.098934891,0.314868778,0.182853259,0.079805729,0.001482579,599.5672498,2.081,failed,3.343558908,42.73761401
188,1.075075867,0.935406848,0.299242039,0.19861599,0.084819872,0.001410825,198.2437508,1.155,failed,3.072802603,40.07671679
189,1.486553092,1.048472616,0.391695605,0.141081154,0.036359277,0.001414311,883.8365325,2.209,failed,3.064749479,5.431821544
190,1.206614385,1.093543827,0.254686058,0.156134279,0.047803814,0.001490249,243.6273766,1.455,failed,3.160110712,40.43639053
191,1.559156959,1.001453951,0.356936837,0.131308625,0.045995685,0.001473371,372.535307,2.43,failed,3.199760795,38.96684094
192,1.362217792,0.954698886,0.30703466,0.102383178,0.064976049,0.001452145,198.3740463,1.855,failed,3.196866989,40.3841448
193,0.918625868,0.987430852,0.269229413,0.159677778,0.044614682,0.001356502,102.8597357,0.843,failed,2.76654923,35.40356234
194,0.995368119,1.059399979,0.314228299,0.144747338,0.069136635,0.001329205,180.6423437,0.99,failed,3.114400744,39.68190062
195,1.528225076,0.909545488,0.25168,0.146481947,0.03289582,0.001347241,345.9749961,2.335,failed,2.99639523,37.33990216
196,1.101340557,1.095170174,0.386936304,0.19004247,0.061571141,0.00146994,910.8389992,1.212,failed,3.633337885,15.76615706
197,1.045700653,0.928736009,0.392010294,0.125117965,0.070000749,0.001446544,446.277661,1.093,failed,2.941843867,34.16212154
198,1.413987676,1.040217587,0.27259994,0.161829484,0.03669245,0.001423188,673.1783333,1.999,failed,3.086663663,33.6692208
199,1.520689367,0.95940121,0.385975735,0.199081077,0.08701775,0.001343881,329.0937806,2.312,failed,3.277325273,42.14789217
200,0.971887247,0.933778934,0.250000193,0.182438965,0.080159166,0.001420492,56.98007408,0.944,failed,2.921970606,38.99294844
201,1.067561806,0.943914902,0.281246979,0.194174299,0.059754765,0.001389632,37.53415303,1.139,failed,3.793504685,53.97153303
202,1.054528501,1.078815712,0.398295634,0.101153679,0.034486619,0.001304492,595.097319,1.112,failed,2.933400631,29.23592815
203,1.284279602,0.937201602,0.375248079,0.128509244,0.076758541,0.001420299,490.2700593,1.649,failed,3.787843913,52.67545837
204,1.384906229,1.053912123,0.28241584,0.143883789,0.07659293,0.001411629,72.74191099,1.917,failed,3.80876945,56.00889105
205,1.111143694,1.051152229,0.259737829,0.124604276,0.088124052,0.00140605,623.7978984,1.234,failed,3.229155838,40.43685441
206,0.916258574,0.909490338,0.253587364,0.112097869,0.068694197,0.001343525,790.4709093,0.839,failed,2.693767428,21.76512995
207,1.54254458,1.042992819,0.286783983,0.146017813,0.079667468,0.00139378,30.99360289,2.379,failed,3.408322513,46.64140734
208,1.272710901,0.937280758,0.305253069,0.157511712,0.049544046,0.00131342,869.2811742,1.619,failed,3.633384764,21.02960113
209,1.321539073,1.078110634,0.353287702,0.153838729,0.044538982,0.001322406,843.0464278,1.746,failed,3.08491534,8.910504594
210,1.479582351,0.963891225,0.291141276,0.141977992,0.061560844,0.001369804,226.5215029,2.189,failed,3.793228954,54.3922466
211,1.573113143,0.945111459,0.279357679,0.117191334,0.036325383,0.001313603,900.6113387,2.474,failed,3.633758545,19.98260043
212,1.490912069,1.025417554,0.334953879,0.119815202,0.062222124,0.001498595,1038.884067,2.222,failed,3.215658724,6.412585797
213,1.232776584,0.974079115,0.306523203,0.162995292,0.057644648,0.001408363,4.508157072,1.519,failed,3.15790987,41.28743102
214,1.366934604,1.035525961,0.316109774,0.14167948,0.084441346,0.001366253,760.0878296,1.868,failed,3.294257164,36.48100121
215,0.9797765,0.973546606,0.298609102,0.145466958,0.084103911,0.001342755,445.9959373,0.959,failed,3.016304016,37.21861269
216,1.267157843,0.94722679,0.377013068,0.113318107,0.045329483,0.001345308,708.0320848,1.605,failed,3.639218509,35.28659006
217,1.450572306,1.04276223,0.343277036,0.155426894,0.047377463,0.001492618,420.5981141,2.104,failed,3.221728086,39.12412692
218,1.432255682,1.051713239,0.370069803,0.171093337,0.053081816,0.001354187,402.2445704,2.051,failed,3.203251481,38.79355999
219,1.491333295,0.920080279,0.348471936,0.160306195,0.086605793,0.001400079,922.3264354,2.224,failed,3.193890095,13.68646437
220,1.356632769,1.056400703,0.294988513,0.156688741,0.050587209,0.001489144,899.1905053,1.84,failed,3.141278446,9.87365434
221,1.160491121,1.089778125,0.344814183,0.180815434,0.064099527,0.001335925,494.4662967,1.346,failed,3.175192356,38.23724425
222,0.91448437,0.957380384,0.332310898,0.147001211,0.076661824,0.001458225,526.571866,0.836,failed,2.884732842,33.48659706
223,1.556905653,1.09899853,0.343393887,0.148499218,0.034313857,0.001301841,89.05507582,2.423,failed,3.792987436,53.11410475
224,1.509837494,1.059708615,0.303163782,0.153611551,0.04135575,0.001345977,298.6951074,2.279,failed,3.221357286,40.48246914
225,1.04900814,1.062284552,0.281176283,0.136269765,0.033551838,0.00144227,764.0345734,1.1,failed,2.88888526,17.3230131
226,0.917797512,1.039993064,0.369361081,0.139554467,0.056457839,0.00137723,1075.889255,0.842,failed,3.632887095,12.00811476
227,1.537233884,0.915032663,0.356723486,0.10993967,0.059220493,0.001462518,1034.180994,2.363,failed,3.632606953,12.85325704
228,1.056774951,1.063978455,0.339797311,0.194551733,0.076145389,0.001404388,272.8543081,1.116,failed,3.784141436,55.34975149
229,1.396333332,0.974982397,0.255245771,0.156965121,0.051683869,0.00138693,930.1557758,1.949,failed,3.047987461,8.093735455
230,0.996273116,0.919089674,0.316140299,0.107253088,0.065172887,0.001385433,362.8394506,0.992,failed,2.888817668,35.60625064
231,1.495331882,1.02206486,0.365202166,0.147628077,0.064661349,0.001315425,255.3238477,2.236,failed,3.285779715,41.22896926
232,1.28087375,1.003025905,0.28128289,0.106946723,0.060947685,0.001461022,225.9162292,1.64,failed,3.793160185,53.51498555
233,1.563978171,0.903271283,0.316207613,0.177364639,0.057787705,0.001417539,665.818438,2.446,failed,3.108507633,36.16853721
234,0.921863929,1.025192952,0.272722275,0.131220161,0.087513631,0.001395483,470.5981628,0.849,failed,3.061834753,38.21298899
235,1.486643934,0.975052081,0.328840513,0.144907742,0.07576646,0.001428896,798.0448994,2.21,failed,3.6336568,38.85896367
236,1.374807782,0.929309929,0.297736373,0.153928852,0.044955828,0.001381671,798.0924819,1.89,failed,2.945083857,19.21492636
237,0.982808226,1.060200701,0.262741742,0.130521348,0.084979419,0.001362946,119.9993082,0.965,failed,3.168604314,41.95875889
238,1.130048973,0.951718008,0.266319114,0.172746959,0.082526872,0.00140225,1093.659321,1.277,failed,3.204402149,6.099968915
239,1.128537533,1.001971898,0.321030343,0.181621739,0.089731158,0.001410336,318.4031006,1.273,failed,3.216715157,41.36596891
240,1.115737059,0.999685068,0.271879915,0.121933324,0.051722954,0.001303015,980.003697,1.244,failed,3.078332722,5.412435917
241,1.232940445,0.949463966,0.374949434,0.195277902,0.083625447,0.001495443,662.2186167,1.52,failed,3.124431849,34.73608296
242,1.259356563,0.940278627,0.338539254,0.197272695,0.063927586,0.001383121,453.114804,1.585,failed,3.045133173,36.83920847
243,1.279989572,0.97440965,0.273358505,0.101370058,0.073507524,0.001446152,325.3711,1.638,failed,3.230896473,41.84752145
244,1.105013241,0.938551945,0.364820002,0.127458289,0.057038338,0.001334186,553.6347486,1.221,failed,2.899767756,31.85974632
245,1.443600756,0.979759927,0.266945841,0.166041025,0.066170505,0.001335615,144.3014459,2.083,failed,3.262196302,43.67431025
246,1.529376954,0.957497218,0.268699459,0.150707592,0.031322596,0.001371717,949.7755347,2.338,failed,3.633349776,15.45920727
247,1.400331463,1.024300681,0.251396803,0.125896153,0.072305091,0.001397102,341.147729,1.96,failed,3.809120327,56.22171763
248,1.326240275,0.991142068,0.317636887,0.193315607,0.086395069,0.001422203,383.2932105,1.758,failed,3.260591209,42.26632885
249,1.080569954,0.983073607,0.338072779,0.152083261,0.086934231,0.001410686,291.3159185,1.167,failed,3.161044002,39.84347346
250,1.182144034,0.900820976,0.279138143,0.171227814,0.084251239,0.001389614,138.2252118,1.397,failed,3.808753714,56.01319626
251,0.91236633,0.991699924,0.364251254,0.111420337,0.066724865,0.001356944,311.7562268,0.832,failed,3.792733565,52.4272958
252,1.026694977,1.000863809,0.308413715,0.124694819,0.082294296,0.001347738,886.2681717,1.054,failed,3.633369178,23.58097951
253,1.586355971,0.9950291,0.366331079,0.101706346,0.03093305,0.001357926,1098.882084,2.516,failed,3.632147014,11.47299601
254,1.372215093,0.94050701,0.335974647,0.16535254,0.042696208,0.001359994,234.3978868,1.882,failed,3.057687759,38.03058294
255,0.937671766,1.085761405,0.337272386,0.113227139,0.039771178,0.001370987,382.3972464,0.879,failed,2.907399535,33.90299579
256,1.379462455,1.042295845,0.291556647,0.164462816,0.06739952,0.001332229,881.2830334,1.902,failed,3.634359628,29.01808872
257,1.413875305,1.034340729,0.274500335,0.109048731,0.037719281,0.001434157,661.0163064,1.999,failed,3.103968501,33.75337821
258,1.071174602,1.051120847,0.262251356,0.146256255,0.04117782,0.001406168,140.5579579,1.147,failed,3.792868033,53.52600264
259,1.456496369,1.09013643,0.333457159,0.126704566,0.069708842,0.001463141,274.2097593,2.121,failed,3.347066998,42.44736223
260,0.950342088,1.06254001,0.37120733,0.12778411,0.046464694,0.001303474,999.9538155,0.903,failed,3.633264512,12.70412253
261,1.248621221,0.930601728,0.342781398,0.149329717,0.03602387,0.001457323,194.3148693,1.559,failed,2.908671856,35.86268921
262,1.031008834,1.013022892,0.281879571,0.16914497,0.058467491,0.001327165,96.34615177,1.062,failed,3.010291338,38.71062358
263,1.501857175,1.077548479,0.345570265,0.106060049,0.044772013,0.001473321,238.8075758,2.255,failed,3.792869851,52.68690518
264,1.004253237,1.084630271,0.250793281,0.142289744,0.030531743,0.001406922,2.993312687,1.008,failed,2.927666664,37.41541776
265,1.205692887,1.094814686,0.376927856,0.183704996,0.077146399,0.001374125,18.11066836,1.453,failed,3.259363711,42.29401003
266,1.267844222,0.997425732,0.303359219,0.131438551,0.069596307,0.001478343,855.4417748,1.607,failed,3.122575343,18.72926529
267,1.168844416,1.047087034,0.383715103,0.110692857,0.089097634,0.001486113,785.6349324,1.366,failed,3.217866361,16.01721345
268,1.170053444,0.938656196,0.363418652,0.147720625,0.060074342,0.001302344,856.7403321,1.369,failed,2.919223428,5.592475658
269,0.931361449,1.016349442,0.373104345,0.194941642,0.074881013,0.001334464,108.9419324,0.867,failed,3.793026045,53.29640072
270,0.959107733,0.938419768,0.359824717,0.123085325,0.055330382,0.001428015,946.1670927,0.919,failed,3.633373231,14.0384686
271,1.519270899,0.924583296,0.329427502,0.174740285,0.083635913,0.001406001,1071.979689,2.308,failed,3.634103984,14.57491416
272,1.596060997,0.995720989,0.363514562,0.122184763,0.049078789,0.001330862,888.6950779,2.547,failed,3.152102351,7.657537296
273,1.512509732,0.987502951,0.252282525,0.198357474,0.05555841,0.001377462,144.7743396,2.287,failed,3.225432873,43.22122521
274,1.555191371,1.005285673,0.299493893,0.153052395,0.086520595,0.001347307,776.8628477,2.418,failed,3.808852836,56.24051161
275,1.50349443,1.085903908,0.269532013,0.103844421,0.058736773,0.001488805,339.9336782,2.26,failed,3.390049994,43.96547725
276,1.049945241,0.902644475,0.326632605,0.191760499,0.080573901,0.001468559,504.9962085,1.102,failed,2.934228659,36.46682076
277,1.250397105,1.092634821,0.382786786,0.147406233,0.087305792,0.001448461,481.0176979,1.563,failed,3.791814879,52.90481911
278,1.414630355,0.939064925,0.297276866,0.144247891,0.062965665,0.001412118,836.8125763,2.001,failed,3.095020294,21.95410171
279,1.386161914,1.042834831,0.328731575,0.160743412,0.040310845,0.001393555,513.2360097,1.921,failed,3.107150793,35.8648838
280,1.378719935,0.920125227,0.388841423,0.115371421,0.042890018,0.001431465,250.2509616,1.9,failed,3.791937634,52.46058634
281,1.074375691,0.934072663,0.289114139,0.109105447,0.069368086,0.001301852,779.3966787,1.154,failed,2.912108421,23.98692817
282,1.31838831,1.091670459,0.333884691,0.146238465,0.064611658,0.001376796,601.6010837,1.738,failed,3.270225763,38.46568444
283,1.228968428,0.942685771,0.327307573,0.17779829,0.067996804,0.001426931,601.1524098,1.51,failed,3.056594133,35.44578938
284,1.12560705,1.014321123,0.250056235,0.193163366,0.035208445,0.001492196,686.1567646,1.266,failed,2.873358011,28.11429912
285,1.549298141,1.011594403,0.362559557,0.10636459,0.061634046,0.001363451,990.5565894,2.4,failed,3.228419065,6.677689335
286,1.194273859,0.919850224,0.370678249,0.169443027,0.082686136,0.001457706,229.7172216,1.426,failed,3.116014719,39.46597896
287,1.192404365,1.048629559,0.302639972,0.115491102,0.042989198,0.001470885,404.0981538,1.421,failed,3.089758635,38.70725126
288,1.146110982,1.032393483,0.336602947,0.154038074,0.033885663,0.001448085,946.8918192,1.313,failed,3.204759359,6.291210247
289,1.490541633,0.925824925,0.341298311,0.154110286,0.054816042,0.001443931,971.8290661,2.221,failed,3.632900238,15.17552124
290,1.481939329,0.944220371,0.390571322,0.161956389,0.086472541,0.001466331,360.2662179,2.196,failed,3.792522848,53.34548632
291,1.05057758,1.047419366,0.340380302,0.190828184,0.040688606,0.001461152,906.6830288,1.103,failed,3.633531898,15.29433838
292,1.370594385,0.926587361,0.312941486,0.163279279,0.080377601,0.001355248,968.361082,1.878,failed,3.122581303,8.744089169
293,1.451267361,1.029730036,0.332302618,0.103711872,0.039902207,0.001418646,691.5866411,2.106,failed,3.09521085,28.49591955
294,1.404946985,1.095539523,0.301441738,0.192066618,0.080530496,0.001342565,573.006534,1.973,failed,3.329575956,42.215414
295,0.961723517,1.09712442,0.326289024,0.174964921,0.050719636,0.001326435,1017.140327,0.924,failed,3.278809905,6.736663635
296,1.475532609,0.929213243,0.336126411,0.118930638,0.074453387,0.001318418,24.04524468,2.177,failed,3.793127403,53.30065013
297,1.508065117,1.025681836,0.315871529,0.151910311,0.077109063,0.001382723,184.9021711,2.274,failed,3.79215534,55.40570522
298,1.347727967,0.940163855,0.292618863,0.15849142,0.089171897,0.001498166,450.5423179,1.816,failed,3.2695086,42.632436
299,1.112320584,0.906884253,0.263176642,0.170623662,0.078365333,0.001371826,388.3032832,1.237,failed,2.979992509,38.37525452
300,1.551791554,1.095416292,0.261800652,0.134206092,0.034026879,0.001316086,889.5891427,2.408,failed,3.157953143,11.29678595
301,1.15838794,1.067426276,0.287565277,0.150822664,0.070712579,0.001353173,736.2116991,1.341,failed,3.162200153,34.67800497
302,0.959293285,0.952557799,0.257428541,0.181454559,0.081163969,0.001416582,175.6186022,0.92,failed,2.961441517,39.00961909
303,0.91334729,1.082311921,0.269368795,0.147232627,0.084079717,0.001447649,269.6541897,0.834,failed,3.137566447,40.68743726
304,1.349732816,1.033164195,0.29107621,0.182964071,0.065932813,0.001347444,644.2219232,1.821,failed,3.190172851,38.15439397
305,1.363990235,1.001115563,0.361266748,0.101164364,0.047979623,0.001485807,70.69579037,1.86,failed,3.791185379,52.66504742
306,0.908040034,1.002228366,0.276696864,0.174543494,0.080296042,0.00132713,436.3843185,0.824,failed,2.959167719,36.51009107
307,0.941821459,0.980090448,0.352567917,0.117350293,0.049211912,0.001428353,245.1186204,0.887,failed,3.792685747,52.43364775
308,1.338639575,0.943420272,0.254976326,0.102368179,0.083296861,0.001485282,7.555217748,1.791,failed,3.298158169,44.93926687
309,1.112650276,0.980015515,0.269744842,0.168286887,0.064061034,0.001314026,871.3727482,1.237,failed,2.943021655,10.21064664
310,1.580173865,0.970816078,0.34990884,0.112397392,0.034670843,0.001482952,1052.963931,2.496,failed,3.632295072,12.22771805
311,0.987664388,1.074795238,0.260788935,0.197690239,0.062726394,0.001307485,659.8647884,0.975,failed,3.004098594,34.05275369
312,1.381981826,1.088883265,0.358803759,0.166155252,0.039607626,0.00130049,71.64657004,1.909,failed,3.792722732,53.10623116
313,1.129686244,1.035718242,0.260462101,0.127047444,0.077286454,0.001385307,134.2398535,1.276,failed,3.228631556,43.33894762
314,1.377306941,1.036436513,0.279785294,0.109817595,0.063696551,0.001312358,286.3412506,1.896,failed,3.292009652,42.27563655
315,1.199169644,0.978238646,0.345373852,0.187708739,0.048122361,0.001474465,331.7208877,1.438,failed,3.00263381,36.56888087
316,1.249273909,1.04329479,0.299879937,0.11117868,0.068544592,0.001409141,447.2362871,1.56,failed,3.276872396,41.9267932
317,1.018074462,1.04110498,0.335402252,0.169620565,0.05981279,0.001449453,646.1545851,1.036,failed,2.975868106,31.59539301
318,1.132961887,1.033529409,0.332999722,0.15039073,0.040540556,0.001378138,832.8474309,1.283,failed,2.897878408,5.698934155
319,1.245992804,1.075760136,0.314291967,0.123299729,0.042963905,0.001448563,618.5833878,1.552,failed,3.085455656,33.35563259
320,1.165281596,0.930259898,0.340779112,0.112079034,0.038546376,0.001411666,592.2025832,1.357,failed,2.807660937,29.37510015
321,1.002056958,0.997228125,0.336290199,0.100095777,0.073087695,0.001429857,413.4010054,1.004,failed,3.056080222,36.35759371
322,1.403597459,1.014318206,0.362921974,0.165510114,0.035411719,0.001399547,848.5650972,1.97,failed,3.633063048,18.57022554
323,0.954112604,1.045928575,0.300632901,0.150723233,0.078666674,0.00135694,249.1521603,0.91,failed,3.117394626,39.88112281
324,1.321608114,1.08027829,0.358094414,0.184872414,0.038036478,0.001421687,686.439093,1.746,failed,3.064519584,29.74099453
325,1.439148272,1.043319824,0.258826394,0.186772388,0.073263319,0.001439464,1005.163382,2.071,failed,3.636399806,18.36501716
326,1.086668228,1.020606941,0.303673776,0.136348729,0.08146551,0.001326873,1075.229633,1.18,failed,3.200895965,6.210708742
327,1.374239003,0.927030078,0.317609265,0.157648347,0.030080122,0.001352387,1077.498984,1.888,failed,3.358335793,7.28344681
328,1.516621739,1.033419035,0.313973453,0.177756835,0.086175844,0.001326892,828.595888,2.3,failed,3.300623,34.64712544
329,1.010092137,1.042697934,0.308177959,0.151165952,0.078742743,0.001365359,1092.197029,1.02,failed,3.27647388,6.699401499
330,0.993930562,1.06711296,0.296900251,0.175874067,0.075300263,0.0014384,937.61603,0.987,failed,3.634613842,17.22692889
331,1.215746481,1.06482488,0.298719709,0.117431468,0.071650289,0.001437089,472.1042115,1.478,failed,3.250249743,39.85277755
332,1.188022929,1.054283113,0.3784191,0.181388623,0.054282905,0.001311593,405.7728292,1.411,failed,3.103201985,37.05737517
333,1.027417992,0.935102757,0.303010595,0.147078884,0.088919485,0.001420975,668.8094075,1.055,failed,3.008078337,35.05711984
334,1.349032972,0.977600369,0.261356899,0.131811143,0.050766546,0.001358064,1084.759598,1.819,failed,3.633930475,13.4104909
335,0.940748942,1.088551334,0.396622633,0.195281878,0.036359302,0.00137768,43.89785233,0.885,failed,2.923607945,36.05758301
336,1.082680333,0.982049711,0.340774031,0.164029287,0.031569698,0.001440176,835.9084229,1.172,failed,3.633208603,18.21526488
337,1.024103947,0.939389238,0.337301284,0.105144004,0.061506315,0.001398641,61.91943283,1.048,failed,3.792409435,52.63750512
338,1.265515587,1.027949902,0.331404764,0.15820577,0.080528624,0.001333969,962.9270614,1.601,failed,3.190956771,8.473815754
339,1.049936822,1.00718805,0.26937608,0.138960162,0.059950212,0.001329002,693.503279,1.102,failed,2.950634003,32.02773381
340,1.339547899,0.937027508,0.322099718,0.165381107,0.0589006,0.001392625,651.5561162,1.794,failed,3.058138788,34.98652765
341,1.108918388,1.040137206,0.277663654,0.138917194,0.080371401,0.001480769,420.3309177,1.229,failed,3.215904474,41.10766667
342,1.039928221,1.044405712,0.380656905,0.16272087,0.082416533,0.001359618,961.1080212,1.081,failed,3.6333296,14.56205539
343,1.523190146,1.044546096,0.340385799,0.169572889,0.074549211,0.001460317,842.8944541,2.32,failed,3.260024369,23.57059839
344,1.155034915,0.996150321,0.306884104,0.157095769,0.08688064,0.00131451,233.5879378,1.334,failed,3.217970848,42.01468531
345,0.983176685,0.959335073,0.342554784,0.104014143,0.044103583,0.001325965,473.1957185,0.966,failed,3.791513458,52.22896977
346,1.142019208,0.98643359,0.327450957,0.134219276,0.083350601,0.001401511,139.1928112,1.304,failed,3.217449129,42.13787847
347,1.292187798,1.021792655,0.306150262,0.178671165,0.053869165,0.001417391,642.0765279,1.669,failed,3.092888415,34.7286063
348,1.00961694,0.993205234,0.303301963,0.186435678,0.068951364,0.001371865,434.984156,1.019,failed,2.987900972,36.87949602
349,1.222085042,1.013502477,0.286272019,0.172421642,0.067274172,0.001389802,321.4354572,1.493,failed,3.169827282,40.77595919
350,1.205197885,1.037060319,0.301836862,0.121680563,0.072723849,0.001421651,503.4910378,1.452,failed,3.210136414,39.16889572
351,1.353607483,0.902791152,0.299435849,0.169598715,0.037986919,0.001459993,1020.829693,1.832,failed,3.632552743,12.98454574
352,0.939431298,1.090148638,0.259276625,0.137081712,0.066539658,0.001490892,1082.091592,0.882,failed,3.634933531,13.13561657
353,1.456259295,1.07117846,0.357973255,0.136652627,0.086987067,0.001366976,464.3704677,2.12,failed,3.772765711,55.32912781
354,1.510032433,0.926359367,0.2588977,0.17892111,0.052036907,0.001356753,58.10106119,2.28,failed,3.144808173,41.79231762
355,1.490411481,1.076651411,0.372259927,0.197987147,0.038422655,0.001441243,499.3096513,2.221,failed,3.198661208,37.29908356
356,1.147253454,0.958291896,0.25283684,0.193606754,0.039259259,0.001470217,472.3816584,1.316,failed,2.861325264,33.88633072
357,0.963968791,1.089556729,0.270149757,0.178593666,0.037034704,0.001432322,675.6910992,0.929,failed,2.855371952,27.96363271
358,1.137960983,1.016365195,0.308665739,0.16962324,0.034649618,0.001344307,150.4340124,1.294,failed,2.920050144,36.13455466
359,1.269077539,0.951325289,0.375687781,0.100394889,0.085203478,0.001460988,515.9738008,1.61,failed,3.205320001,36.72397008
360,0.992636429,1.006481712,0.272500506,0.136378022,0.061622856,0.001495956,888.0624543,0.985,failed,3.63444683,21.19980827
361,1.269293191,1.084297297,0.375857623,0.191901505,0.079920436,0.001380684,172.0590122,1.611,failed,3.306936443,42.48080757
362,1.406982957,1.009002991,0.358765702,0.100749424,0.072713038,0.001406956,168.3279326,1.979,failed,3.792974472,52.66693018
363,1.099572037,0.972122707,0.397418167,0.115419441,0.037688741,0.001305791,441.0868334,1.209,failed,2.874115825,32.34695756
364,1.348461552,0.935202657,0.361014294,0.10671149,0.071651845,0.001376657,561.6436517,1.818,failed,3.171594203,35.65012178
365,1.580251627,1.000619478,0.253725124,0.147604953,0.074955281,0.001377164,585.4500028,2.497,failed,3.345713139,44.28222569
366,0.907168231,1.059136803,0.398637626,0.152632001,0.0734048,0.00131605,744.2182069,0.822,failed,3.628233373,32.71563978
367,1.168246291,0.918583169,0.272689227,0.106332764,0.076397607,0.001366942,346.9715259,1.364,failed,3.088966191,39.79734611
368,1.563084248,0.906917241,0.352892757,0.134560493,0.030464051,0.00131627,486.2771572,2.443,failed,2.951310396,33.49875667
369,1.337661511,1.019984023,0.322016713,0.101680674,0.088012229,0.001307916,824.3925075,1.789,failed,3.290328562,22.75143404
370,1.384058091,0.955214559,0.382815005,0.15790299,0.044915945,0.001392671,893.1442391,1.915,failed,3.631225765,16.2682604
371,1.087574659,0.947738824,0.373240294,0.120675404,0.043359645,0.001486984,1044.275814,1.182,failed,3.632797927,12.12121773
372,1.177388841,1.075590276,0.289281692,0.148207699,0.042438952,0.001348824,268.65188,1.386,failed,3.792804241,53.32125747
373,1.509645097,0.981330446,0.313861242,0.143715293,0.061980483,0.0013554,493.661015,2.279,failed,3.224177361,39.80147623
374,1.005760612,1.0204184,0.377479413,0.16383851,0.08085452,0.001399142,236.4006627,1.011,failed,3.103351176,38.45001558
375,1.398246917,0.90198981,0.269093104,0.15858477,0.055666493,0.001348306,252.0899187,1.955,failed,3.075556338,39.83306681
376,0.918889472,0.934186056,0.362109515,0.136685782,0.036868596,0.001354979,196.7768641,0.844,failed,2.625528932,32.13534662
377,1.438844401,0.911761228,0.386636073,0.130305586,0.086172536,0.001374909,841.7501653,2.07,failed,3.189313531,13.85167229
378,1.150176637,1.02691493,0.371759471,0.117780056,0.044562392,0.001366731,232.418303,1.322,failed,3.03978914,36.72631792
379,1.468253672,1.011269738,0.306318366,0.153445222,0.080711726,0.00135755,586.1243558,2.155,failed,3.308963299,42.2236273
380,1.206382757,0.952512343,0.284294032,0.162592733,0.061765178,0.001497774,1074.424391,1.455,failed,3.250803351,6.477425995
381,1.449378087,0.977926197,0.367512646,0.1607123,0.085701889,0.001392132,103.0286725,2.1,failed,3.300517619,42.93129192
382,1.306251081,1.086712868,0.340081448,0.180230402,0.033635828,0.001396918,876.6547004,1.706,failed,3.039815903,5.564708781
383,1.427431268,0.977782001,0.307597633,0.11549724,0.065543081,0.001368294,127.9736853,2.037,failed,3.26420486,42.21811677
384,0.936778383,0.98359562,0.396400716,0.197787951,0.065219769,0.001370529,253.8730705,0.877,failed,2.896748543,35.26968066
385,0.968336972,1.072158501,0.38770043,0.19557047,0.055754809,0.001362427,912.9403677,0.937,failed,3.633370429,14.99151034
386,1.478471458,0.911215905,0.291127793,0.134518328,0.064837953,0.001491495,917.0985412,2.185,failed,3.098183513,13.28660772
387,1.514300349,0.954292781,0.289659803,0.157923719,0.057762661,0.00145991,730.8634528,2.293,failed,3.149442494,35.41222987
388,1.119551846,1.093939598,0.304959028,0.109439506,0.082002916,0.001498151,101.7316889,1.253,failed,3.303114235,42.6832948
389,1.016724864,1.051426681,0.342281769,0.120769031,0.085042729,0.001422421,581.1474535,1.033,failed,3.130885303,35.23616833
390,1.343222174,0.989128309,0.350380646,0.101600877,0.041349282,0.001328048,173.7989937,1.804,failed,3.091460526,37.8353481
391,1.509765087,0.956276743,0.392275852,0.167584752,0.054764338,0.001478847,1050.197571,2.279,failed,3.30324626,6.933306808
392,1.345207125,0.92685017,0.294062862,0.155101889,0.03832537,0.001374249,340.8571087,1.809,failed,2.977205157,36.34932449
393,1.120711555,0.930582921,0.256543806,0.103632835,0.030813905,0.001481735,1046.436269,1.255,failed,3.633164495,12.80492859
394,1.067766729,1.043599203,0.256971727,0.16149067,0.078755199,0.001435215,675.1174203,1.14,failed,3.115216613,37.44994426
395,0.965523644,1.059954018,0.366050045,0.100853783,0.034043367,0.001456524,974.6821316,0.932,failed,3.303710222,7.028230003
396,1.148449529,0.989431528,0.382321796,0.197796376,0.039309509,0.001347773,722.926665,1.318,failed,2.852937818,21.45557507
397,1.370472653,1.058702986,0.371920343,0.125104558,0.031669781,0.001328731,121.9656503,1.878,failed,3.791352093,52.66235028
398,1.547094331,0.970213434,0.374230631,0.180473727,0.067734267,0.001459173,279.658997,2.393,failed,3.243411779,41.06232805
399,1.26525325,1.055481824,0.387961475,0.142270307,0.056990377,0.001341225,938.1719196,1.6,failed,3.632993668,14.43783573
